sim,time,FILE
01,0.00,01/0.00.vti
01,0.05,01/0.05.vti
01,0.10,01/0.10.vti
01,0.15,01/0.15.vti
01,0.20,01/0.20.vti
01,0.25,01/0.25.vti
01,0.30,01/0.30.vti
01,0.35,01/0.35.vti
01,0.40,01/0.40.vti
01,0.45,01/0.45.vti
01,0.50,01/0.50.vti
01,0.55,01/0.55.vti
01,0.60,01/0.60.vti
01,0.65,01/0.65.vti
01,0.70,01/0.70.vti
01,0.75,01/0.75.vti
01,0.80,01/0.80.vti
01,0.85,01/0.85.vti
01,0.90,01/0.90.vti
01,0.95,01/0.95.vti
01,1.00,01/1.00.vti
01,1.05,01/1.05.vti
01,1.10,01/1.10.vti
01,1.15,01/1.15.vti
01,1.20,01/1.20.vti
01,1.25,01/1.25.vti
01,1.30,01/1.30.vti
01,1.35,01/1.35.vti
01,1.40,01/1.40.vti
01,1.45,01/1.45.vti
01,1.50,01/1.50.vti
01,1.55,01/1.55.vti
01,1.60,01/1.60.vti
01,1.65,01/1.65.vti
01,1.70,01/1.70.vti
01,1.75,01/1.75.vti
01,1.80,01/1.80.vti
01,1.85,01/1.85.vti
01,1.90,01/1.90.vti
01,1.95,01/1.95.vti
01,2.00,01/2.00.vti
01,2.05,01/2.05.vti
01,2.10,01/2.10.vti
01,2.15,01/2.15.vti
01,2.20,01/2.20.vti
01,2.25,01/2.25.vti
01,2.30,01/2.30.vti
01,2.35,01/2.35.vti
01,2.40,01/2.40.vti
01,2.45,01/2.45.vti
01,2.50,01/2.50.vti
01,2.55,01/2.55.vti
01,2.60,01/2.60.vti
01,2.65,01/2.65.vti
01,2.70,01/2.70.vti
01,2.75,01/2.75.vti
01,2.80,01/2.80.vti
01,2.85,01/2.85.vti
01,2.90,01/2.90.vti
01,2.95,01/2.95.vti
01,3.00,01/3.00.vti
01,3.05,01/3.05.vti
01,3.10,01/3.10.vti
01,3.15,01/3.15.vti
01,3.20,01/3.20.vti
01,3.25,01/3.25.vti
01,3.30,01/3.30.vti
01,3.35,01/3.35.vti
01,3.40,01/3.40.vti
01,3.45,01/3.45.vti
01,3.50,01/3.50.vti
01,3.55,01/3.55.vti
01,3.60,01/3.60.vti
01,3.65,01/3.65.vti
01,3.70,01/3.70.vti
01,3.75,01/3.75.vti
01,3.80,01/3.80.vti
01,3.85,01/3.85.vti
01,3.90,01/3.90.vti
01,3.95,01/3.95.vti
01,4.00,01/4.00.vti
01,4.05,01/4.05.vti
01,4.10,01/4.10.vti
01,4.15,01/4.15.vti
01,4.20,01/4.20.vti
01,4.25,01/4.25.vti
01,4.30,01/4.30.vti
01,4.35,01/4.35.vti
01,4.40,01/4.40.vti
01,4.45,01/4.45.vti
01,4.50,01/4.50.vti
01,4.55,01/4.55.vti
01,4.60,01/4.60.vti
01,4.65,01/4.65.vti
01,4.70,01/4.70.vti
01,4.75,01/4.75.vti
01,4.80,01/4.80.vti
01,4.85,01/4.85.vti
01,4.90,01/4.90.vti
01,4.95,01/4.95.vti
02,0.00,02/0.00.vti
02,0.05,02/0.05.vti
02,0.10,02/0.10.vti
02,0.15,02/0.15.vti
02,0.20,02/0.20.vti
02,0.25,02/0.25.vti
02,0.30,02/0.30.vti
02,0.35,02/0.35.vti
02,0.40,02/0.40.vti
02,0.45,02/0.45.vti
02,0.50,02/0.50.vti
02,0.55,02/0.55.vti
02,0.60,02/0.60.vti
02,0.65,02/0.65.vti
02,0.70,02/0.70.vti
02,0.75,02/0.75.vti
02,0.80,02/0.80.vti
02,0.85,02/0.85.vti
02,0.90,02/0.90.vti
02,0.95,02/0.95.vti
02,1.00,02/1.00.vti
02,1.05,02/1.05.vti
02,1.10,02/1.10.vti
02,1.15,02/1.15.vti
02,1.20,02/1.20.vti
02,1.25,02/1.25.vti
02,1.30,02/1.30.vti
02,1.35,02/1.35.vti
02,1.40,02/1.40.vti
02,1.45,02/1.45.vti
02,1.50,02/1.50.vti
02,1.55,02/1.55.vti
02,1.60,02/1.60.vti
02,1.65,02/1.65.vti
02,1.70,02/1.70.vti
02,1.75,02/1.75.vti
02,1.80,02/1.80.vti
02,1.85,02/1.85.vti
02,1.90,02/1.90.vti
02,1.95,02/1.95.vti
02,2.00,02/2.00.vti
02,2.05,02/2.05.vti
02,2.10,02/2.10.vti
02,2.15,02/2.15.vti
02,2.20,02/2.20.vti
02,2.25,02/2.25.vti
02,2.30,02/2.30.vti
02,2.35,02/2.35.vti
02,2.40,02/2.40.vti
02,2.45,02/2.45.vti
02,2.50,02/2.50.vti
02,2.55,02/2.55.vti
02,2.60,02/2.60.vti
02,2.65,02/2.65.vti
02,2.70,02/2.70.vti
02,2.75,02/2.75.vti
02,2.80,02/2.80.vti
02,2.85,02/2.85.vti
02,2.90,02/2.90.vti
02,2.95,02/2.95.vti
02,3.00,02/3.00.vti
02,3.05,02/3.05.vti
02,3.10,02/3.10.vti
02,3.15,02/3.15.vti
02,3.20,02/3.20.vti
02,3.25,02/3.25.vti
02,3.30,02/3.30.vti
02,3.35,02/3.35.vti
02,3.40,02/3.40.vti
02,3.45,02/3.45.vti
02,3.50,02/3.50.vti
02,3.55,02/3.55.vti
02,3.60,02/3.60.vti
02,3.65,02/3.65.vti
02,3.70,02/3.70.vti
02,3.75,02/3.75.vti
02,3.80,02/3.80.vti
02,3.85,02/3.85.vti
02,3.90,02/3.90.vti
02,3.95,02/3.95.vti
02,4.00,02/4.00.vti
02,4.05,02/4.05.vti
02,4.10,02/4.10.vti
02,4.15,02/4.15.vti
02,4.20,02/4.20.vti
02,4.25,02/4.25.vti
02,4.30,02/4.30.vti
02,4.35,02/4.35.vti
02,4.40,02/4.40.vti
02,4.45,02/4.45.vti
02,4.50,02/4.50.vti
02,4.55,02/4.55.vti
02,4.60,02/4.60.vti
02,4.65,02/4.65.vti
02,4.70,02/4.70.vti
02,4.75,02/4.75.vti
02,4.80,02/4.80.vti
02,4.85,02/4.85.vti
02,4.90,02/4.90.vti
02,4.95,02/4.95.vti
03,0.00,03/0.00.vti
03,0.05,03/0.05.vti
03,0.10,03/0.10.vti
03,0.15,03/0.15.vti
03,0.20,03/0.20.vti
03,0.25,03/0.25.vti
03,0.30,03/0.30.vti
03,0.35,03/0.35.vti
03,0.40,03/0.40.vti
03,0.45,03/0.45.vti
03,0.50,03/0.50.vti
03,0.55,03/0.55.vti
03,0.60,03/0.60.vti
03,0.65,03/0.65.vti
03,0.70,03/0.70.vti
03,0.75,03/0.75.vti
03,0.80,03/0.80.vti
03,0.85,03/0.85.vti
03,0.90,03/0.90.vti
03,0.95,03/0.95.vti
03,1.00,03/1.00.vti
03,1.05,03/1.05.vti
03,1.10,03/1.10.vti
03,1.15,03/1.15.vti
03,1.20,03/1.20.vti
03,1.25,03/1.25.vti
03,1.30,03/1.30.vti
03,1.35,03/1.35.vti
03,1.40,03/1.40.vti
03,1.45,03/1.45.vti
03,1.50,03/1.50.vti
03,1.55,03/1.55.vti
03,1.60,03/1.60.vti
03,1.65,03/1.65.vti
03,1.70,03/1.70.vti
03,1.75,03/1.75.vti
03,1.80,03/1.80.vti
03,1.85,03/1.85.vti
03,1.90,03/1.90.vti
03,1.95,03/1.95.vti
03,2.00,03/2.00.vti
03,2.05,03/2.05.vti
03,2.10,03/2.10.vti
03,2.15,03/2.15.vti
03,2.20,03/2.20.vti
03,2.25,03/2.25.vti
03,2.30,03/2.30.vti
03,2.35,03/2.35.vti
03,2.40,03/2.40.vti
03,2.45,03/2.45.vti
03,2.50,03/2.50.vti
03,2.55,03/2.55.vti
03,2.60,03/2.60.vti
03,2.65,03/2.65.vti
03,2.70,03/2.70.vti
03,2.75,03/2.75.vti
03,2.80,03/2.80.vti
03,2.85,03/2.85.vti
03,2.90,03/2.90.vti
03,2.95,03/2.95.vti
03,3.00,03/3.00.vti
03,3.05,03/3.05.vti
03,3.10,03/3.10.vti
03,3.15,03/3.15.vti
03,3.20,03/3.20.vti
03,3.25,03/3.25.vti
03,3.30,03/3.30.vti
03,3.35,03/3.35.vti
03,3.40,03/3.40.vti
03,3.45,03/3.45.vti
03,3.50,03/3.50.vti
03,3.55,03/3.55.vti
03,3.60,03/3.60.vti
03,3.65,03/3.65.vti
03,3.70,03/3.70.vti
03,3.75,03/3.75.vti
03,3.80,03/3.80.vti
03,3.85,03/3.85.vti
03,3.90,03/3.90.vti
03,3.95,03/3.95.vti
03,4.00,03/4.00.vti
03,4.05,03/4.05.vti
03,4.10,03/4.10.vti
03,4.15,03/4.15.vti
03,4.20,03/4.20.vti
03,4.25,03/4.25.vti
03,4.30,03/4.30.vti
03,4.35,03/4.35.vti
03,4.40,03/4.40.vti
03,4.45,03/4.45.vti
03,4.50,03/4.50.vti
03,4.55,03/4.55.vti
03,4.60,03/4.60.vti
03,4.65,03/4.65.vti
03,4.70,03/4.70.vti
03,4.75,03/4.75.vti
03,4.80,03/4.80.vti
03,4.85,03/4.85.vti
03,4.90,03/4.90.vti
03,4.95,03/4.95.vti
04,0.00,04/0.00.vti
04,0.05,04/0.05.vti
04,0.10,04/0.10.vti
04,0.15,04/0.15.vti
04,0.20,04/0.20.vti
04,0.25,04/0.25.vti
04,0.30,04/0.30.vti
04,0.35,04/0.35.vti
04,0.40,04/0.40.vti
04,0.45,04/0.45.vti
04,0.50,04/0.50.vti
04,0.55,04/0.55.vti
04,0.60,04/0.60.vti
04,0.65,04/0.65.vti
04,0.70,04/0.70.vti
04,0.75,04/0.75.vti
04,0.80,04/0.80.vti
04,0.85,04/0.85.vti
04,0.90,04/0.90.vti
04,0.95,04/0.95.vti
04,1.00,04/1.00.vti
04,1.05,04/1.05.vti
04,1.10,04/1.10.vti
04,1.15,04/1.15.vti
04,1.20,04/1.20.vti
04,1.25,04/1.25.vti
04,1.30,04/1.30.vti
04,1.35,04/1.35.vti
04,1.40,04/1.40.vti
04,1.45,04/1.45.vti
04,1.50,04/1.50.vti
04,1.55,04/1.55.vti
04,1.60,04/1.60.vti
04,1.65,04/1.65.vti
04,1.70,04/1.70.vti
04,1.75,04/1.75.vti
04,1.80,04/1.80.vti
04,1.85,04/1.85.vti
04,1.90,04/1.90.vti
04,1.95,04/1.95.vti
04,2.00,04/2.00.vti
04,2.05,04/2.05.vti
04,2.10,04/2.10.vti
04,2.15,04/2.15.vti
04,2.20,04/2.20.vti
04,2.25,04/2.25.vti
04,2.30,04/2.30.vti
04,2.35,04/2.35.vti
04,2.40,04/2.40.vti
04,2.45,04/2.45.vti
04,2.50,04/2.50.vti
04,2.55,04/2.55.vti
04,2.60,04/2.60.vti
04,2.65,04/2.65.vti
04,2.70,04/2.70.vti
04,2.75,04/2.75.vti
04,2.80,04/2.80.vti
04,2.85,04/2.85.vti
04,2.90,04/2.90.vti
04,2.95,04/2.95.vti
04,3.00,04/3.00.vti
04,3.05,04/3.05.vti
04,3.10,04/3.10.vti
04,3.15,04/3.15.vti
04,3.20,04/3.20.vti
04,3.25,04/3.25.vti
04,3.30,04/3.30.vti
04,3.35,04/3.35.vti
04,3.40,04/3.40.vti
04,3.45,04/3.45.vti
04,3.50,04/3.50.vti
04,3.55,04/3.55.vti
04,3.60,04/3.60.vti
04,3.65,04/3.65.vti
04,3.70,04/3.70.vti
04,3.75,04/3.75.vti
04,3.80,04/3.80.vti
04,3.85,04/3.85.vti
04,3.90,04/3.90.vti
04,3.95,04/3.95.vti
04,4.00,04/4.00.vti
04,4.05,04/4.05.vti
04,4.10,04/4.10.vti
04,4.15,04/4.15.vti
04,4.20,04/4.20.vti
04,4.25,04/4.25.vti
04,4.30,04/4.30.vti
04,4.35,04/4.35.vti
04,4.40,04/4.40.vti
04,4.45,04/4.45.vti
04,4.50,04/4.50.vti
04,4.55,04/4.55.vti
04,4.60,04/4.60.vti
04,4.65,04/4.65.vti
04,4.70,04/4.70.vti
04,4.75,04/4.75.vti
04,4.80,04/4.80.vti
04,4.85,04/4.85.vti
04,4.90,04/4.90.vti
04,4.95,04/4.95.vti
05,0.00,05/0.00.vti
05,0.05,05/0.05.vti
05,0.10,05/0.10.vti
05,0.15,05/0.15.vti
05,0.20,05/0.20.vti
05,0.25,05/0.25.vti
05,0.30,05/0.30.vti
05,0.35,05/0.35.vti
05,0.40,05/0.40.vti
05,0.45,05/0.45.vti
05,0.50,05/0.50.vti
05,0.55,05/0.55.vti
05,0.60,05/0.60.vti
05,0.65,05/0.65.vti
05,0.70,05/0.70.vti
05,0.75,05/0.75.vti
05,0.80,05/0.80.vti
05,0.85,05/0.85.vti
05,0.90,05/0.90.vti
05,0.95,05/0.95.vti
05,1.00,05/1.00.vti
05,1.05,05/1.05.vti
05,1.10,05/1.10.vti
05,1.15,05/1.15.vti
05,1.20,05/1.20.vti
05,1.25,05/1.25.vti
05,1.30,05/1.30.vti
05,1.35,05/1.35.vti
05,1.40,05/1.40.vti
05,1.45,05/1.45.vti
05,1.50,05/1.50.vti
05,1.55,05/1.55.vti
05,1.60,05/1.60.vti
05,1.65,05/1.65.vti
05,1.70,05/1.70.vti
05,1.75,05/1.75.vti
05,1.80,05/1.80.vti
05,1.85,05/1.85.vti
05,1.90,05/1.90.vti
05,1.95,05/1.95.vti
05,2.00,05/2.00.vti
05,2.05,05/2.05.vti
05,2.10,05/2.10.vti
05,2.15,05/2.15.vti
05,2.20,05/2.20.vti
05,2.25,05/2.25.vti
05,2.30,05/2.30.vti
05,2.35,05/2.35.vti
05,2.40,05/2.40.vti
05,2.45,05/2.45.vti
05,2.50,05/2.50.vti
05,2.55,05/2.55.vti
05,2.60,05/2.60.vti
05,2.65,05/2.65.vti
05,2.70,05/2.70.vti
05,2.75,05/2.75.vti
05,2.80,05/2.80.vti
05,2.85,05/2.85.vti
05,2.90,05/2.90.vti
05,2.95,05/2.95.vti
05,3.00,05/3.00.vti
05,3.05,05/3.05.vti
05,3.10,05/3.10.vti
05,3.15,05/3.15.vti
05,3.20,05/3.20.vti
05,3.25,05/3.25.vti
05,3.30,05/3.30.vti
05,3.35,05/3.35.vti
05,3.40,05/3.40.vti
05,3.45,05/3.45.vti
05,3.50,05/3.50.vti
05,3.55,05/3.55.vti
05,3.60,05/3.60.vti
05,3.65,05/3.65.vti
05,3.70,05/3.70.vti
05,3.75,05/3.75.vti
05,3.80,05/3.80.vti
05,3.85,05/3.85.vti
05,3.90,05/3.90.vti
05,3.95,05/3.95.vti
05,4.00,05/4.00.vti
05,4.05,05/4.05.vti
05,4.10,05/4.10.vti
05,4.15,05/4.15.vti
05,4.20,05/4.20.vti
05,4.25,05/4.25.vti
05,4.30,05/4.30.vti
05,4.35,05/4.35.vti
05,4.40,05/4.40.vti
05,4.45,05/4.45.vti
05,4.50,05/4.50.vti
05,4.55,05/4.55.vti
05,4.60,05/4.60.vti
05,4.65,05/4.65.vti
05,4.70,05/4.70.vti
05,4.75,05/4.75.vti
05,4.80,05/4.80.vti
05,4.85,05/4.85.vti
05,4.90,05/4.90.vti
05,4.95,05/4.95.vti
06,0.00,06/0.00.vti
06,0.05,06/0.05.vti
06,0.10,06/0.10.vti
06,0.15,06/0.15.vti
06,0.20,06/0.20.vti
06,0.25,06/0.25.vti
06,0.30,06/0.30.vti
06,0.35,06/0.35.vti
06,0.40,06/0.40.vti
06,0.45,06/0.45.vti
06,0.50,06/0.50.vti
06,0.55,06/0.55.vti
06,0.60,06/0.60.vti
06,0.65,06/0.65.vti
06,0.70,06/0.70.vti
06,0.75,06/0.75.vti
06,0.80,06/0.80.vti
06,0.85,06/0.85.vti
06,0.90,06/0.90.vti
06,0.95,06/0.95.vti
06,1.00,06/1.00.vti
06,1.05,06/1.05.vti
06,1.10,06/1.10.vti
06,1.15,06/1.15.vti
06,1.20,06/1.20.vti
06,1.25,06/1.25.vti
06,1.30,06/1.30.vti
06,1.35,06/1.35.vti
06,1.40,06/1.40.vti
06,1.45,06/1.45.vti
06,1.50,06/1.50.vti
06,1.55,06/1.55.vti
06,1.60,06/1.60.vti
06,1.65,06/1.65.vti
06,1.70,06/1.70.vti
06,1.75,06/1.75.vti
06,1.80,06/1.80.vti
06,1.85,06/1.85.vti
06,1.90,06/1.90.vti
06,1.95,06/1.95.vti
06,2.00,06/2.00.vti
06,2.05,06/2.05.vti
06,2.10,06/2.10.vti
06,2.15,06/2.15.vti
06,2.20,06/2.20.vti
06,2.25,06/2.25.vti
06,2.30,06/2.30.vti
06,2.35,06/2.35.vti
06,2.40,06/2.40.vti
06,2.45,06/2.45.vti
06,2.50,06/2.50.vti
06,2.55,06/2.55.vti
06,2.60,06/2.60.vti
06,2.65,06/2.65.vti
06,2.70,06/2.70.vti
06,2.75,06/2.75.vti
06,2.80,06/2.80.vti
06,2.85,06/2.85.vti
06,2.90,06/2.90.vti
06,2.95,06/2.95.vti
06,3.00,06/3.00.vti
06,3.05,06/3.05.vti
06,3.10,06/3.10.vti
06,3.15,06/3.15.vti
06,3.20,06/3.20.vti
06,3.25,06/3.25.vti
06,3.30,06/3.30.vti
06,3.35,06/3.35.vti
06,3.40,06/3.40.vti
06,3.45,06/3.45.vti
06,3.50,06/3.50.vti
06,3.55,06/3.55.vti
06,3.60,06/3.60.vti
06,3.65,06/3.65.vti
06,3.70,06/3.70.vti
06,3.75,06/3.75.vti
06,3.80,06/3.80.vti
06,3.85,06/3.85.vti
06,3.90,06/3.90.vti
06,3.95,06/3.95.vti
06,4.00,06/4.00.vti
06,4.05,06/4.05.vti
06,4.10,06/4.10.vti
06,4.15,06/4.15.vti
06,4.20,06/4.20.vti
06,4.25,06/4.25.vti
06,4.30,06/4.30.vti
06,4.35,06/4.35.vti
06,4.40,06/4.40.vti
06,4.45,06/4.45.vti
06,4.50,06/4.50.vti
06,4.55,06/4.55.vti
06,4.60,06/4.60.vti
06,4.65,06/4.65.vti
06,4.70,06/4.70.vti
06,4.75,06/4.75.vti
06,4.80,06/4.80.vti
06,4.85,06/4.85.vti
06,4.90,06/4.90.vti
06,4.95,06/4.95.vti
07,0.00,07/0.00.vti
07,0.05,07/0.05.vti
07,0.10,07/0.10.vti
07,0.15,07/0.15.vti
07,0.20,07/0.20.vti
07,0.25,07/0.25.vti
07,0.30,07/0.30.vti
07,0.35,07/0.35.vti
07,0.40,07/0.40.vti
07,0.45,07/0.45.vti
07,0.50,07/0.50.vti
07,0.55,07/0.55.vti
07,0.60,07/0.60.vti
07,0.65,07/0.65.vti
07,0.70,07/0.70.vti
07,0.75,07/0.75.vti
07,0.80,07/0.80.vti
07,0.85,07/0.85.vti
07,0.90,07/0.90.vti
07,0.95,07/0.95.vti
07,1.00,07/1.00.vti
07,1.05,07/1.05.vti
07,1.10,07/1.10.vti
07,1.15,07/1.15.vti
07,1.20,07/1.20.vti
07,1.25,07/1.25.vti
07,1.30,07/1.30.vti
07,1.35,07/1.35.vti
07,1.40,07/1.40.vti
07,1.45,07/1.45.vti
07,1.50,07/1.50.vti
07,1.55,07/1.55.vti
07,1.60,07/1.60.vti
07,1.65,07/1.65.vti
07,1.70,07/1.70.vti
07,1.75,07/1.75.vti
07,1.80,07/1.80.vti
07,1.85,07/1.85.vti
07,1.90,07/1.90.vti
07,1.95,07/1.95.vti
07,2.00,07/2.00.vti
07,2.05,07/2.05.vti
07,2.10,07/2.10.vti
07,2.15,07/2.15.vti
07,2.20,07/2.20.vti
07,2.25,07/2.25.vti
07,2.30,07/2.30.vti
07,2.35,07/2.35.vti
07,2.40,07/2.40.vti
07,2.45,07/2.45.vti
07,2.50,07/2.50.vti
07,2.55,07/2.55.vti
07,2.60,07/2.60.vti
07,2.65,07/2.65.vti
07,2.70,07/2.70.vti
07,2.75,07/2.75.vti
07,2.80,07/2.80.vti
07,2.85,07/2.85.vti
07,2.90,07/2.90.vti
07,2.95,07/2.95.vti
07,3.00,07/3.00.vti
07,3.05,07/3.05.vti
07,3.10,07/3.10.vti
07,3.15,07/3.15.vti
07,3.20,07/3.20.vti
07,3.25,07/3.25.vti
07,3.30,07/3.30.vti
07,3.35,07/3.35.vti
07,3.40,07/3.40.vti
07,3.45,07/3.45.vti
07,3.50,07/3.50.vti
07,3.55,07/3.55.vti
07,3.60,07/3.60.vti
07,3.65,07/3.65.vti
07,3.70,07/3.70.vti
07,3.75,07/3.75.vti
07,3.80,07/3.80.vti
07,3.85,07/3.85.vti
07,3.90,07/3.90.vti
07,3.95,07/3.95.vti
07,4.00,07/4.00.vti
07,4.05,07/4.05.vti
07,4.10,07/4.10.vti
07,4.15,07/4.15.vti
07,4.20,07/4.20.vti
07,4.25,07/4.25.vti
07,4.30,07/4.30.vti
07,4.35,07/4.35.vti
07,4.40,07/4.40.vti
07,4.45,07/4.45.vti
07,4.50,07/4.50.vti
07,4.55,07/4.55.vti
07,4.60,07/4.60.vti
07,4.65,07/4.65.vti
07,4.70,07/4.70.vti
07,4.75,07/4.75.vti
07,4.80,07/4.80.vti
07,4.85,07/4.85.vti
07,4.90,07/4.90.vti
07,4.95,07/4.95.vti
08,0.00,08/0.00.vti
08,0.05,08/0.05.vti
08,0.10,08/0.10.vti
08,0.15,08/0.15.vti
08,0.20,08/0.20.vti
08,0.25,08/0.25.vti
08,0.30,08/0.30.vti
08,0.35,08/0.35.vti
08,0.40,08/0.40.vti
08,0.45,08/0.45.vti
08,0.50,08/0.50.vti
08,0.55,08/0.55.vti
08,0.60,08/0.60.vti
08,0.65,08/0.65.vti
08,0.70,08/0.70.vti
08,0.75,08/0.75.vti
08,0.80,08/0.80.vti
08,0.85,08/0.85.vti
08,0.90,08/0.90.vti
08,0.95,08/0.95.vti
08,1.00,08/1.00.vti
08,1.05,08/1.05.vti
08,1.10,08/1.10.vti
08,1.15,08/1.15.vti
08,1.20,08/1.20.vti
08,1.25,08/1.25.vti
08,1.30,08/1.30.vti
08,1.35,08/1.35.vti
08,1.40,08/1.40.vti
08,1.45,08/1.45.vti
08,1.50,08/1.50.vti
08,1.55,08/1.55.vti
08,1.60,08/1.60.vti
08,1.65,08/1.65.vti
08,1.70,08/1.70.vti
08,1.75,08/1.75.vti
08,1.80,08/1.80.vti
08,1.85,08/1.85.vti
08,1.90,08/1.90.vti
08,1.95,08/1.95.vti
08,2.00,08/2.00.vti
08,2.05,08/2.05.vti
08,2.10,08/2.10.vti
08,2.15,08/2.15.vti
08,2.20,08/2.20.vti
08,2.25,08/2.25.vti
08,2.30,08/2.30.vti
08,2.35,08/2.35.vti
08,2.40,08/2.40.vti
08,2.45,08/2.45.vti
08,2.50,08/2.50.vti
08,2.55,08/2.55.vti
08,2.60,08/2.60.vti
08,2.65,08/2.65.vti
08,2.70,08/2.70.vti
08,2.75,08/2.75.vti
08,2.80,08/2.80.vti
08,2.85,08/2.85.vti
08,2.90,08/2.90.vti
08,2.95,08/2.95.vti
08,3.00,08/3.00.vti
08,3.05,08/3.05.vti
08,3.10,08/3.10.vti
08,3.15,08/3.15.vti
08,3.20,08/3.20.vti
08,3.25,08/3.25.vti
08,3.30,08/3.30.vti
08,3.35,08/3.35.vti
08,3.40,08/3.40.vti
08,3.45,08/3.45.vti
08,3.50,08/3.50.vti
08,3.55,08/3.55.vti
08,3.60,08/3.60.vti
08,3.65,08/3.65.vti
08,3.70,08/3.70.vti
08,3.75,08/3.75.vti
08,3.80,08/3.80.vti
08,3.85,08/3.85.vti
08,3.90,08/3.90.vti
08,3.95,08/3.95.vti
08,4.00,08/4.00.vti
08,4.05,08/4.05.vti
08,4.10,08/4.10.vti
08,4.15,08/4.15.vti
08,4.20,08/4.20.vti
08,4.25,08/4.25.vti
08,4.30,08/4.30.vti
08,4.35,08/4.35.vti
08,4.40,08/4.40.vti
08,4.45,08/4.45.vti
08,4.50,08/4.50.vti
08,4.55,08/4.55.vti
08,4.60,08/4.60.vti
08,4.65,08/4.65.vti
08,4.70,08/4.70.vti
08,4.75,08/4.75.vti
08,4.80,08/4.80.vti
08,4.85,08/4.85.vti
08,4.90,08/4.90.vti
08,4.95,08/4.95.vti
09,0.00,09/0.00.vti
09,0.05,09/0.05.vti
09,0.10,09/0.10.vti
09,0.15,09/0.15.vti
09,0.20,09/0.20.vti
09,0.25,09/0.25.vti
09,0.30,09/0.30.vti
09,0.35,09/0.35.vti
09,0.40,09/0.40.vti
09,0.45,09/0.45.vti
09,0.50,09/0.50.vti
09,0.55,09/0.55.vti
09,0.60,09/0.60.vti
09,0.65,09/0.65.vti
09,0.70,09/0.70.vti
09,0.75,09/0.75.vti
09,0.80,09/0.80.vti
09,0.85,09/0.85.vti
09,0.90,09/0.90.vti
09,0.95,09/0.95.vti
09,1.00,09/1.00.vti
09,1.05,09/1.05.vti
09,1.10,09/1.10.vti
09,1.15,09/1.15.vti
09,1.20,09/1.20.vti
09,1.25,09/1.25.vti
09,1.30,09/1.30.vti
09,1.35,09/1.35.vti
09,1.40,09/1.40.vti
09,1.45,09/1.45.vti
09,1.50,09/1.50.vti
09,1.55,09/1.55.vti
09,1.60,09/1.60.vti
09,1.65,09/1.65.vti
09,1.70,09/1.70.vti
09,1.75,09/1.75.vti
09,1.80,09/1.80.vti
09,1.85,09/1.85.vti
09,1.90,09/1.90.vti
09,1.95,09/1.95.vti
09,2.00,09/2.00.vti
09,2.05,09/2.05.vti
09,2.10,09/2.10.vti
09,2.15,09/2.15.vti
09,2.20,09/2.20.vti
09,2.25,09/2.25.vti
09,2.30,09/2.30.vti
09,2.35,09/2.35.vti
09,2.40,09/2.40.vti
09,2.45,09/2.45.vti
09,2.50,09/2.50.vti
09,2.55,09/2.55.vti
09,2.60,09/2.60.vti
09,2.65,09/2.65.vti
09,2.70,09/2.70.vti
09,2.75,09/2.75.vti
09,2.80,09/2.80.vti
09,2.85,09/2.85.vti
09,2.90,09/2.90.vti
09,2.95,09/2.95.vti
09,3.00,09/3.00.vti
09,3.05,09/3.05.vti
09,3.10,09/3.10.vti
09,3.15,09/3.15.vti
09,3.20,09/3.20.vti
09,3.25,09/3.25.vti
09,3.30,09/3.30.vti
09,3.35,09/3.35.vti
09,3.40,09/3.40.vti
09,3.45,09/3.45.vti
09,3.50,09/3.50.vti
09,3.55,09/3.55.vti
09,3.60,09/3.60.vti
09,3.65,09/3.65.vti
09,3.70,09/3.70.vti
09,3.75,09/3.75.vti
09,3.80,09/3.80.vti
09,3.85,09/3.85.vti
09,3.90,09/3.90.vti
09,3.95,09/3.95.vti
09,4.00,09/4.00.vti
09,4.05,09/4.05.vti
09,4.10,09/4.10.vti
09,4.15,09/4.15.vti
09,4.20,09/4.20.vti
09,4.25,09/4.25.vti
09,4.30,09/4.30.vti
09,4.35,09/4.35.vti
09,4.40,09/4.40.vti
09,4.45,09/4.45.vti
09,4.50,09/4.50.vti
09,4.55,09/4.55.vti
09,4.60,09/4.60.vti
09,4.65,09/4.65.vti
09,4.70,09/4.70.vti
09,4.75,09/4.75.vti
09,4.80,09/4.80.vti
09,4.85,09/4.85.vti
09,4.90,09/4.90.vti
09,4.95,09/4.95.vti
10,0.00,10/0.00.vti
10,0.05,10/0.05.vti
10,0.10,10/0.10.vti
10,0.15,10/0.15.vti
10,0.20,10/0.20.vti
10,0.25,10/0.25.vti
10,0.30,10/0.30.vti
10,0.35,10/0.35.vti
10,0.40,10/0.40.vti
10,0.45,10/0.45.vti
10,0.50,10/0.50.vti
10,0.55,10/0.55.vti
10,0.60,10/0.60.vti
10,0.65,10/0.65.vti
10,0.70,10/0.70.vti
10,0.75,10/0.75.vti
10,0.80,10/0.80.vti
10,0.85,10/0.85.vti
10,0.90,10/0.90.vti
10,0.95,10/0.95.vti
10,1.00,10/1.00.vti
10,1.05,10/1.05.vti
10,1.10,10/1.10.vti
10,1.15,10/1.15.vti
10,1.20,10/1.20.vti
10,1.25,10/1.25.vti
10,1.30,10/1.30.vti
10,1.35,10/1.35.vti
10,1.40,10/1.40.vti
10,1.45,10/1.45.vti
10,1.50,10/1.50.vti
10,1.55,10/1.55.vti
10,1.60,10/1.60.vti
10,1.65,10/1.65.vti
10,1.70,10/1.70.vti
10,1.75,10/1.75.vti
10,1.80,10/1.80.vti
10,1.85,10/1.85.vti
10,1.90,10/1.90.vti
10,1.95,10/1.95.vti
10,2.00,10/2.00.vti
10,2.05,10/2.05.vti
10,2.10,10/2.10.vti
10,2.15,10/2.15.vti
10,2.20,10/2.20.vti
10,2.25,10/2.25.vti
10,2.30,10/2.30.vti
10,2.35,10/2.35.vti
10,2.40,10/2.40.vti
10,2.45,10/2.45.vti
10,2.50,10/2.50.vti
10,2.55,10/2.55.vti
10,2.60,10/2.60.vti
10,2.65,10/2.65.vti
10,2.70,10/2.70.vti
10,2.75,10/2.75.vti
10,2.80,10/2.80.vti
10,2.85,10/2.85.vti
10,2.90,10/2.90.vti
10,2.95,10/2.95.vti
10,3.00,10/3.00.vti
10,3.05,10/3.05.vti
10,3.10,10/3.10.vti
10,3.15,10/3.15.vti
10,3.20,10/3.20.vti
10,3.25,10/3.25.vti
10,3.30,10/3.30.vti
10,3.35,10/3.35.vti
10,3.40,10/3.40.vti
10,3.45,10/3.45.vti
10,3.50,10/3.50.vti
10,3.55,10/3.55.vti
10,3.60,10/3.60.vti
10,3.65,10/3.65.vti
10,3.70,10/3.70.vti
10,3.75,10/3.75.vti
10,3.80,10/3.80.vti
10,3.85,10/3.85.vti
10,3.90,10/3.90.vti
10,3.95,10/3.95.vti
10,4.00,10/4.00.vti
10,4.05,10/4.05.vti
10,4.10,10/4.10.vti
10,4.15,10/4.15.vti
10,4.20,10/4.20.vti
10,4.25,10/4.25.vti
10,4.30,10/4.30.vti
10,4.35,10/4.35.vti
10,4.40,10/4.40.vti
10,4.45,10/4.45.vti
10,4.50,10/4.50.vti
10,4.55,10/4.55.vti
10,4.60,10/4.60.vti
10,4.65,10/4.65.vti
10,4.70,10/4.70.vti
10,4.75,10/4.75.vti
10,4.80,10/4.80.vti
10,4.85,10/4.85.vti
10,4.90,10/4.90.vti
10,4.95,10/4.95.vti
11,0.00,11/0.00.vti
11,0.05,11/0.05.vti
11,0.10,11/0.10.vti
11,0.15,11/0.15.vti
11,0.20,11/0.20.vti
11,0.25,11/0.25.vti
11,0.30,11/0.30.vti
11,0.35,11/0.35.vti
11,0.40,11/0.40.vti
11,0.45,11/0.45.vti
11,0.50,11/0.50.vti
11,0.55,11/0.55.vti
11,0.60,11/0.60.vti
11,0.65,11/0.65.vti
11,0.70,11/0.70.vti
11,0.75,11/0.75.vti
11,0.80,11/0.80.vti
11,0.85,11/0.85.vti
11,0.90,11/0.90.vti
11,0.95,11/0.95.vti
11,1.00,11/1.00.vti
11,1.05,11/1.05.vti
11,1.10,11/1.10.vti
11,1.15,11/1.15.vti
11,1.20,11/1.20.vti
11,1.25,11/1.25.vti
11,1.30,11/1.30.vti
11,1.35,11/1.35.vti
11,1.40,11/1.40.vti
11,1.45,11/1.45.vti
11,1.50,11/1.50.vti
11,1.55,11/1.55.vti
11,1.60,11/1.60.vti
11,1.65,11/1.65.vti
11,1.70,11/1.70.vti
11,1.75,11/1.75.vti
11,1.80,11/1.80.vti
11,1.85,11/1.85.vti
11,1.90,11/1.90.vti
11,1.95,11/1.95.vti
11,2.00,11/2.00.vti
11,2.05,11/2.05.vti
11,2.10,11/2.10.vti
11,2.15,11/2.15.vti
11,2.20,11/2.20.vti
11,2.25,11/2.25.vti
11,2.30,11/2.30.vti
11,2.35,11/2.35.vti
11,2.40,11/2.40.vti
11,2.45,11/2.45.vti
11,2.50,11/2.50.vti
11,2.55,11/2.55.vti
11,2.60,11/2.60.vti
11,2.65,11/2.65.vti
11,2.70,11/2.70.vti
11,2.75,11/2.75.vti
11,2.80,11/2.80.vti
11,2.85,11/2.85.vti
11,2.90,11/2.90.vti
11,2.95,11/2.95.vti
11,3.00,11/3.00.vti
11,3.05,11/3.05.vti
11,3.10,11/3.10.vti
11,3.15,11/3.15.vti
11,3.20,11/3.20.vti
11,3.25,11/3.25.vti
11,3.30,11/3.30.vti
11,3.35,11/3.35.vti
11,3.40,11/3.40.vti
11,3.45,11/3.45.vti
11,3.50,11/3.50.vti
11,3.55,11/3.55.vti
11,3.60,11/3.60.vti
11,3.65,11/3.65.vti
11,3.70,11/3.70.vti
11,3.75,11/3.75.vti
11,3.80,11/3.80.vti
11,3.85,11/3.85.vti
11,3.90,11/3.90.vti
11,3.95,11/3.95.vti
11,4.00,11/4.00.vti
11,4.05,11/4.05.vti
11,4.10,11/4.10.vti
11,4.15,11/4.15.vti
11,4.20,11/4.20.vti
11,4.25,11/4.25.vti
11,4.30,11/4.30.vti
11,4.35,11/4.35.vti
11,4.40,11/4.40.vti
11,4.45,11/4.45.vti
11,4.50,11/4.50.vti
11,4.55,11/4.55.vti
11,4.60,11/4.60.vti
11,4.65,11/4.65.vti
11,4.70,11/4.70.vti
11,4.75,11/4.75.vti
11,4.80,11/4.80.vti
11,4.85,11/4.85.vti
11,4.90,11/4.90.vti
11,4.95,11/4.95.vti
12,0.00,12/0.00.vti
12,0.05,12/0.05.vti
12,0.10,12/0.10.vti
12,0.15,12/0.15.vti
12,0.20,12/0.20.vti
12,0.25,12/0.25.vti
12,0.30,12/0.30.vti
12,0.35,12/0.35.vti
12,0.40,12/0.40.vti
12,0.45,12/0.45.vti
12,0.50,12/0.50.vti
12,0.55,12/0.55.vti
12,0.60,12/0.60.vti
12,0.65,12/0.65.vti
12,0.70,12/0.70.vti
12,0.75,12/0.75.vti
12,0.80,12/0.80.vti
12,0.85,12/0.85.vti
12,0.90,12/0.90.vti
12,0.95,12/0.95.vti
12,1.00,12/1.00.vti
12,1.05,12/1.05.vti
12,1.10,12/1.10.vti
12,1.15,12/1.15.vti
12,1.20,12/1.20.vti
12,1.25,12/1.25.vti
12,1.30,12/1.30.vti
12,1.35,12/1.35.vti
12,1.40,12/1.40.vti
12,1.45,12/1.45.vti
12,1.50,12/1.50.vti
12,1.55,12/1.55.vti
12,1.60,12/1.60.vti
12,1.65,12/1.65.vti
12,1.70,12/1.70.vti
12,1.75,12/1.75.vti
12,1.80,12/1.80.vti
12,1.85,12/1.85.vti
12,1.90,12/1.90.vti
12,1.95,12/1.95.vti
12,2.00,12/2.00.vti
12,2.05,12/2.05.vti
12,2.10,12/2.10.vti
12,2.15,12/2.15.vti
12,2.20,12/2.20.vti
12,2.25,12/2.25.vti
12,2.30,12/2.30.vti
12,2.35,12/2.35.vti
12,2.40,12/2.40.vti
12,2.45,12/2.45.vti
12,2.50,12/2.50.vti
12,2.55,12/2.55.vti
12,2.60,12/2.60.vti
12,2.65,12/2.65.vti
12,2.70,12/2.70.vti
12,2.75,12/2.75.vti
12,2.80,12/2.80.vti
12,2.85,12/2.85.vti
12,2.90,12/2.90.vti
12,2.95,12/2.95.vti
12,3.00,12/3.00.vti
12,3.05,12/3.05.vti
12,3.10,12/3.10.vti
12,3.15,12/3.15.vti
12,3.20,12/3.20.vti
12,3.25,12/3.25.vti
12,3.30,12/3.30.vti
12,3.35,12/3.35.vti
12,3.40,12/3.40.vti
12,3.45,12/3.45.vti
12,3.50,12/3.50.vti
12,3.55,12/3.55.vti
12,3.60,12/3.60.vti
12,3.65,12/3.65.vti
12,3.70,12/3.70.vti
12,3.75,12/3.75.vti
12,3.80,12/3.80.vti
12,3.85,12/3.85.vti
12,3.90,12/3.90.vti
12,3.95,12/3.95.vti
12,4.00,12/4.00.vti
12,4.05,12/4.05.vti
12,4.10,12/4.10.vti
12,4.15,12/4.15.vti
12,4.20,12/4.20.vti
12,4.25,12/4.25.vti
12,4.30,12/4.30.vti
12,4.35,12/4.35.vti
12,4.40,12/4.40.vti
12,4.45,12/4.45.vti
12,4.50,12/4.50.vti
12,4.55,12/4.55.vti
12,4.60,12/4.60.vti
12,4.65,12/4.65.vti
12,4.70,12/4.70.vti
12,4.75,12/4.75.vti
12,4.80,12/4.80.vti
12,4.85,12/4.85.vti
12,4.90,12/4.90.vti
12,4.95,12/4.95.vti
13,0.00,13/0.00.vti
13,0.05,13/0.05.vti
13,0.10,13/0.10.vti
13,0.15,13/0.15.vti
13,0.20,13/0.20.vti
13,0.25,13/0.25.vti
13,0.30,13/0.30.vti
13,0.35,13/0.35.vti
13,0.40,13/0.40.vti
13,0.45,13/0.45.vti
13,0.50,13/0.50.vti
13,0.55,13/0.55.vti
13,0.60,13/0.60.vti
13,0.65,13/0.65.vti
13,0.70,13/0.70.vti
13,0.75,13/0.75.vti
13,0.80,13/0.80.vti
13,0.85,13/0.85.vti
13,0.90,13/0.90.vti
13,0.95,13/0.95.vti
13,1.00,13/1.00.vti
13,1.05,13/1.05.vti
13,1.10,13/1.10.vti
13,1.15,13/1.15.vti
13,1.20,13/1.20.vti
13,1.25,13/1.25.vti
13,1.30,13/1.30.vti
13,1.35,13/1.35.vti
13,1.40,13/1.40.vti
13,1.45,13/1.45.vti
13,1.50,13/1.50.vti
13,1.55,13/1.55.vti
13,1.60,13/1.60.vti
13,1.65,13/1.65.vti
13,1.70,13/1.70.vti
13,1.75,13/1.75.vti
13,1.80,13/1.80.vti
13,1.85,13/1.85.vti
13,1.90,13/1.90.vti
13,1.95,13/1.95.vti
13,2.00,13/2.00.vti
13,2.05,13/2.05.vti
13,2.10,13/2.10.vti
13,2.15,13/2.15.vti
13,2.20,13/2.20.vti
13,2.25,13/2.25.vti
13,2.30,13/2.30.vti
13,2.35,13/2.35.vti
13,2.40,13/2.40.vti
13,2.45,13/2.45.vti
13,2.50,13/2.50.vti
13,2.55,13/2.55.vti
13,2.60,13/2.60.vti
13,2.65,13/2.65.vti
13,2.70,13/2.70.vti
13,2.75,13/2.75.vti
13,2.80,13/2.80.vti
13,2.85,13/2.85.vti
13,2.90,13/2.90.vti
13,2.95,13/2.95.vti
13,3.00,13/3.00.vti
13,3.05,13/3.05.vti
13,3.10,13/3.10.vti
13,3.15,13/3.15.vti
13,3.20,13/3.20.vti
13,3.25,13/3.25.vti
13,3.30,13/3.30.vti
13,3.35,13/3.35.vti
13,3.40,13/3.40.vti
13,3.45,13/3.45.vti
13,3.50,13/3.50.vti
13,3.55,13/3.55.vti
13,3.60,13/3.60.vti
13,3.65,13/3.65.vti
13,3.70,13/3.70.vti
13,3.75,13/3.75.vti
13,3.80,13/3.80.vti
13,3.85,13/3.85.vti
13,3.90,13/3.90.vti
13,3.95,13/3.95.vti
13,4.00,13/4.00.vti
13,4.05,13/4.05.vti
13,4.10,13/4.10.vti
13,4.15,13/4.15.vti
13,4.20,13/4.20.vti
13,4.25,13/4.25.vti
13,4.30,13/4.30.vti
13,4.35,13/4.35.vti
13,4.40,13/4.40.vti
13,4.45,13/4.45.vti
13,4.50,13/4.50.vti
13,4.55,13/4.55.vti
13,4.60,13/4.60.vti
13,4.65,13/4.65.vti
13,4.70,13/4.70.vti
13,4.75,13/4.75.vti
13,4.80,13/4.80.vti
13,4.85,13/4.85.vti
13,4.90,13/4.90.vti
13,4.95,13/4.95.vti
14,0.00,14/0.00.vti
14,0.05,14/0.05.vti
14,0.10,14/0.10.vti
14,0.15,14/0.15.vti
14,0.20,14/0.20.vti
14,0.25,14/0.25.vti
14,0.30,14/0.30.vti
14,0.35,14/0.35.vti
14,0.40,14/0.40.vti
14,0.45,14/0.45.vti
14,0.50,14/0.50.vti
14,0.55,14/0.55.vti
14,0.60,14/0.60.vti
14,0.65,14/0.65.vti
14,0.70,14/0.70.vti
14,0.75,14/0.75.vti
14,0.80,14/0.80.vti
14,0.85,14/0.85.vti
14,0.90,14/0.90.vti
14,0.95,14/0.95.vti
14,1.00,14/1.00.vti
14,1.05,14/1.05.vti
14,1.10,14/1.10.vti
14,1.15,14/1.15.vti
14,1.20,14/1.20.vti
14,1.25,14/1.25.vti
14,1.30,14/1.30.vti
14,1.35,14/1.35.vti
14,1.40,14/1.40.vti
14,1.45,14/1.45.vti
14,1.50,14/1.50.vti
14,1.55,14/1.55.vti
14,1.60,14/1.60.vti
14,1.65,14/1.65.vti
14,1.70,14/1.70.vti
14,1.75,14/1.75.vti
14,1.80,14/1.80.vti
14,1.85,14/1.85.vti
14,1.90,14/1.90.vti
14,1.95,14/1.95.vti
14,2.00,14/2.00.vti
14,2.05,14/2.05.vti
14,2.10,14/2.10.vti
14,2.15,14/2.15.vti
14,2.20,14/2.20.vti
14,2.25,14/2.25.vti
14,2.30,14/2.30.vti
14,2.35,14/2.35.vti
14,2.40,14/2.40.vti
14,2.45,14/2.45.vti
14,2.50,14/2.50.vti
14,2.55,14/2.55.vti
14,2.60,14/2.60.vti
14,2.65,14/2.65.vti
14,2.70,14/2.70.vti
14,2.75,14/2.75.vti
14,2.80,14/2.80.vti
14,2.85,14/2.85.vti
14,2.90,14/2.90.vti
14,2.95,14/2.95.vti
14,3.00,14/3.00.vti
14,3.05,14/3.05.vti
14,3.10,14/3.10.vti
14,3.15,14/3.15.vti
14,3.20,14/3.20.vti
14,3.25,14/3.25.vti
14,3.30,14/3.30.vti
14,3.35,14/3.35.vti
14,3.40,14/3.40.vti
14,3.45,14/3.45.vti
14,3.50,14/3.50.vti
14,3.55,14/3.55.vti
14,3.60,14/3.60.vti
14,3.65,14/3.65.vti
14,3.70,14/3.70.vti
14,3.75,14/3.75.vti
14,3.80,14/3.80.vti
14,3.85,14/3.85.vti
14,3.90,14/3.90.vti
14,3.95,14/3.95.vti
14,4.00,14/4.00.vti
14,4.05,14/4.05.vti
14,4.10,14/4.10.vti
14,4.15,14/4.15.vti
14,4.20,14/4.20.vti
14,4.25,14/4.25.vti
14,4.30,14/4.30.vti
14,4.35,14/4.35.vti
14,4.40,14/4.40.vti
14,4.45,14/4.45.vti
14,4.50,14/4.50.vti
14,4.55,14/4.55.vti
14,4.60,14/4.60.vti
14,4.65,14/4.65.vti
14,4.70,14/4.70.vti
14,4.75,14/4.75.vti
14,4.80,14/4.80.vti
14,4.85,14/4.85.vti
14,4.90,14/4.90.vti
14,4.95,14/4.95.vti
15,0.00,15/0.00.vti
15,0.05,15/0.05.vti
15,0.10,15/0.10.vti
15,0.15,15/0.15.vti
15,0.20,15/0.20.vti
15,0.25,15/0.25.vti
15,0.30,15/0.30.vti
15,0.35,15/0.35.vti
15,0.40,15/0.40.vti
15,0.45,15/0.45.vti
15,0.50,15/0.50.vti
15,0.55,15/0.55.vti
15,0.60,15/0.60.vti
15,0.65,15/0.65.vti
15,0.70,15/0.70.vti
15,0.75,15/0.75.vti
15,0.80,15/0.80.vti
15,0.85,15/0.85.vti
15,0.90,15/0.90.vti
15,0.95,15/0.95.vti
15,1.00,15/1.00.vti
15,1.05,15/1.05.vti
15,1.10,15/1.10.vti
15,1.15,15/1.15.vti
15,1.20,15/1.20.vti
15,1.25,15/1.25.vti
15,1.30,15/1.30.vti
15,1.35,15/1.35.vti
15,1.40,15/1.40.vti
15,1.45,15/1.45.vti
15,1.50,15/1.50.vti
15,1.55,15/1.55.vti
15,1.60,15/1.60.vti
15,1.65,15/1.65.vti
15,1.70,15/1.70.vti
15,1.75,15/1.75.vti
15,1.80,15/1.80.vti
15,1.85,15/1.85.vti
15,1.90,15/1.90.vti
15,1.95,15/1.95.vti
15,2.00,15/2.00.vti
15,2.05,15/2.05.vti
15,2.10,15/2.10.vti
15,2.15,15/2.15.vti
15,2.20,15/2.20.vti
15,2.25,15/2.25.vti
15,2.30,15/2.30.vti
15,2.35,15/2.35.vti
15,2.40,15/2.40.vti
15,2.45,15/2.45.vti
15,2.50,15/2.50.vti
15,2.55,15/2.55.vti
15,2.60,15/2.60.vti
15,2.65,15/2.65.vti
15,2.70,15/2.70.vti
15,2.75,15/2.75.vti
15,2.80,15/2.80.vti
15,2.85,15/2.85.vti
15,2.90,15/2.90.vti
15,2.95,15/2.95.vti
15,3.00,15/3.00.vti
15,3.05,15/3.05.vti
15,3.10,15/3.10.vti
15,3.15,15/3.15.vti
15,3.20,15/3.20.vti
15,3.25,15/3.25.vti
15,3.30,15/3.30.vti
15,3.35,15/3.35.vti
15,3.40,15/3.40.vti
15,3.45,15/3.45.vti
15,3.50,15/3.50.vti
15,3.55,15/3.55.vti
15,3.60,15/3.60.vti
15,3.65,15/3.65.vti
15,3.70,15/3.70.vti
15,3.75,15/3.75.vti
15,3.80,15/3.80.vti
15,3.85,15/3.85.vti
15,3.90,15/3.90.vti
15,3.95,15/3.95.vti
15,4.00,15/4.00.vti
15,4.05,15/4.05.vti
15,4.10,15/4.10.vti
15,4.15,15/4.15.vti
15,4.20,15/4.20.vti
15,4.25,15/4.25.vti
15,4.30,15/4.30.vti
15,4.35,15/4.35.vti
15,4.40,15/4.40.vti
15,4.45,15/4.45.vti
15,4.50,15/4.50.vti
15,4.55,15/4.55.vti
15,4.60,15/4.60.vti
15,4.65,15/4.65.vti
15,4.70,15/4.70.vti
15,4.75,15/4.75.vti
15,4.80,15/4.80.vti
15,4.85,15/4.85.vti
15,4.90,15/4.90.vti
15,4.95,15/4.95.vti
16,0.00,16/0.00.vti
16,0.05,16/0.05.vti
16,0.10,16/0.10.vti
16,0.15,16/0.15.vti
16,0.20,16/0.20.vti
16,0.25,16/0.25.vti
16,0.30,16/0.30.vti
16,0.35,16/0.35.vti
16,0.40,16/0.40.vti
16,0.45,16/0.45.vti
16,0.50,16/0.50.vti
16,0.55,16/0.55.vti
16,0.60,16/0.60.vti
16,0.65,16/0.65.vti
16,0.70,16/0.70.vti
16,0.75,16/0.75.vti
16,0.80,16/0.80.vti
16,0.85,16/0.85.vti
16,0.90,16/0.90.vti
16,0.95,16/0.95.vti
16,1.00,16/1.00.vti
16,1.05,16/1.05.vti
16,1.10,16/1.10.vti
16,1.15,16/1.15.vti
16,1.20,16/1.20.vti
16,1.25,16/1.25.vti
16,1.30,16/1.30.vti
16,1.35,16/1.35.vti
16,1.40,16/1.40.vti
16,1.45,16/1.45.vti
16,1.50,16/1.50.vti
16,1.55,16/1.55.vti
16,1.60,16/1.60.vti
16,1.65,16/1.65.vti
16,1.70,16/1.70.vti
16,1.75,16/1.75.vti
16,1.80,16/1.80.vti
16,1.85,16/1.85.vti
16,1.90,16/1.90.vti
16,1.95,16/1.95.vti
16,2.00,16/2.00.vti
16,2.05,16/2.05.vti
16,2.10,16/2.10.vti
16,2.15,16/2.15.vti
16,2.20,16/2.20.vti
16,2.25,16/2.25.vti
16,2.30,16/2.30.vti
16,2.35,16/2.35.vti
16,2.40,16/2.40.vti
16,2.45,16/2.45.vti
16,2.50,16/2.50.vti
16,2.55,16/2.55.vti
16,2.60,16/2.60.vti
16,2.65,16/2.65.vti
16,2.70,16/2.70.vti
16,2.75,16/2.75.vti
16,2.80,16/2.80.vti
16,2.85,16/2.85.vti
16,2.90,16/2.90.vti
16,2.95,16/2.95.vti
16,3.00,16/3.00.vti
16,3.05,16/3.05.vti
16,3.10,16/3.10.vti
16,3.15,16/3.15.vti
16,3.20,16/3.20.vti
16,3.25,16/3.25.vti
16,3.30,16/3.30.vti
16,3.35,16/3.35.vti
16,3.40,16/3.40.vti
16,3.45,16/3.45.vti
16,3.50,16/3.50.vti
16,3.55,16/3.55.vti
16,3.60,16/3.60.vti
16,3.65,16/3.65.vti
16,3.70,16/3.70.vti
16,3.75,16/3.75.vti
16,3.80,16/3.80.vti
16,3.85,16/3.85.vti
16,3.90,16/3.90.vti
16,3.95,16/3.95.vti
16,4.00,16/4.00.vti
16,4.05,16/4.05.vti
16,4.10,16/4.10.vti
16,4.15,16/4.15.vti
16,4.20,16/4.20.vti
16,4.25,16/4.25.vti
16,4.30,16/4.30.vti
16,4.35,16/4.35.vti
16,4.40,16/4.40.vti
16,4.45,16/4.45.vti
16,4.50,16/4.50.vti
16,4.55,16/4.55.vti
16,4.60,16/4.60.vti
16,4.65,16/4.65.vti
16,4.70,16/4.70.vti
16,4.75,16/4.75.vti
16,4.80,16/4.80.vti
16,4.85,16/4.85.vti
16,4.90,16/4.90.vti
16,4.95,16/4.95.vti
17,0.00,17/0.00.vti
17,0.05,17/0.05.vti
17,0.10,17/0.10.vti
17,0.15,17/0.15.vti
17,0.20,17/0.20.vti
17,0.25,17/0.25.vti
17,0.30,17/0.30.vti
17,0.35,17/0.35.vti
17,0.40,17/0.40.vti
17,0.45,17/0.45.vti
17,0.50,17/0.50.vti
17,0.55,17/0.55.vti
17,0.60,17/0.60.vti
17,0.65,17/0.65.vti
17,0.70,17/0.70.vti
17,0.75,17/0.75.vti
17,0.80,17/0.80.vti
17,0.85,17/0.85.vti
17,0.90,17/0.90.vti
17,0.95,17/0.95.vti
17,1.00,17/1.00.vti
17,1.05,17/1.05.vti
17,1.10,17/1.10.vti
17,1.15,17/1.15.vti
17,1.20,17/1.20.vti
17,1.25,17/1.25.vti
17,1.30,17/1.30.vti
17,1.35,17/1.35.vti
17,1.40,17/1.40.vti
17,1.45,17/1.45.vti
17,1.50,17/1.50.vti
17,1.55,17/1.55.vti
17,1.60,17/1.60.vti
17,1.65,17/1.65.vti
17,1.70,17/1.70.vti
17,1.75,17/1.75.vti
17,1.80,17/1.80.vti
17,1.85,17/1.85.vti
17,1.90,17/1.90.vti
17,1.95,17/1.95.vti
17,2.00,17/2.00.vti
17,2.05,17/2.05.vti
17,2.10,17/2.10.vti
17,2.15,17/2.15.vti
17,2.20,17/2.20.vti
17,2.25,17/2.25.vti
17,2.30,17/2.30.vti
17,2.35,17/2.35.vti
17,2.40,17/2.40.vti
17,2.45,17/2.45.vti
17,2.50,17/2.50.vti
17,2.55,17/2.55.vti
17,2.60,17/2.60.vti
17,2.65,17/2.65.vti
17,2.70,17/2.70.vti
17,2.75,17/2.75.vti
17,2.80,17/2.80.vti
17,2.85,17/2.85.vti
17,2.90,17/2.90.vti
17,2.95,17/2.95.vti
17,3.00,17/3.00.vti
17,3.05,17/3.05.vti
17,3.10,17/3.10.vti
17,3.15,17/3.15.vti
17,3.20,17/3.20.vti
17,3.25,17/3.25.vti
17,3.30,17/3.30.vti
17,3.35,17/3.35.vti
17,3.40,17/3.40.vti
17,3.45,17/3.45.vti
17,3.50,17/3.50.vti
17,3.55,17/3.55.vti
17,3.60,17/3.60.vti
17,3.65,17/3.65.vti
17,3.70,17/3.70.vti
17,3.75,17/3.75.vti
17,3.80,17/3.80.vti
17,3.85,17/3.85.vti
17,3.90,17/3.90.vti
17,3.95,17/3.95.vti
17,4.00,17/4.00.vti
17,4.05,17/4.05.vti
17,4.10,17/4.10.vti
17,4.15,17/4.15.vti
17,4.20,17/4.20.vti
17,4.25,17/4.25.vti
17,4.30,17/4.30.vti
17,4.35,17/4.35.vti
17,4.40,17/4.40.vti
17,4.45,17/4.45.vti
17,4.50,17/4.50.vti
17,4.55,17/4.55.vti
17,4.60,17/4.60.vti
17,4.65,17/4.65.vti
17,4.70,17/4.70.vti
17,4.75,17/4.75.vti
17,4.80,17/4.80.vti
17,4.85,17/4.85.vti
17,4.90,17/4.90.vti
17,4.95,17/4.95.vti
18,0.00,18/0.00.vti
18,0.05,18/0.05.vti
18,0.10,18/0.10.vti
18,0.15,18/0.15.vti
18,0.20,18/0.20.vti
18,0.25,18/0.25.vti
18,0.30,18/0.30.vti
18,0.35,18/0.35.vti
18,0.40,18/0.40.vti
18,0.45,18/0.45.vti
18,0.50,18/0.50.vti
18,0.55,18/0.55.vti
18,0.60,18/0.60.vti
18,0.65,18/0.65.vti
18,0.70,18/0.70.vti
18,0.75,18/0.75.vti
18,0.80,18/0.80.vti
18,0.85,18/0.85.vti
18,0.90,18/0.90.vti
18,0.95,18/0.95.vti
18,1.00,18/1.00.vti
18,1.05,18/1.05.vti
18,1.10,18/1.10.vti
18,1.15,18/1.15.vti
18,1.20,18/1.20.vti
18,1.25,18/1.25.vti
18,1.30,18/1.30.vti
18,1.35,18/1.35.vti
18,1.40,18/1.40.vti
18,1.45,18/1.45.vti
18,1.50,18/1.50.vti
18,1.55,18/1.55.vti
18,1.60,18/1.60.vti
18,1.65,18/1.65.vti
18,1.70,18/1.70.vti
18,1.75,18/1.75.vti
18,1.80,18/1.80.vti
18,1.85,18/1.85.vti
18,1.90,18/1.90.vti
18,1.95,18/1.95.vti
18,2.00,18/2.00.vti
18,2.05,18/2.05.vti
18,2.10,18/2.10.vti
18,2.15,18/2.15.vti
18,2.20,18/2.20.vti
18,2.25,18/2.25.vti
18,2.30,18/2.30.vti
18,2.35,18/2.35.vti
18,2.40,18/2.40.vti
18,2.45,18/2.45.vti
18,2.50,18/2.50.vti
18,2.55,18/2.55.vti
18,2.60,18/2.60.vti
18,2.65,18/2.65.vti
18,2.70,18/2.70.vti
18,2.75,18/2.75.vti
18,2.80,18/2.80.vti
18,2.85,18/2.85.vti
18,2.90,18/2.90.vti
18,2.95,18/2.95.vti
18,3.00,18/3.00.vti
18,3.05,18/3.05.vti
18,3.10,18/3.10.vti
18,3.15,18/3.15.vti
18,3.20,18/3.20.vti
18,3.25,18/3.25.vti
18,3.30,18/3.30.vti
18,3.35,18/3.35.vti
18,3.40,18/3.40.vti
18,3.45,18/3.45.vti
18,3.50,18/3.50.vti
18,3.55,18/3.55.vti
18,3.60,18/3.60.vti
18,3.65,18/3.65.vti
18,3.70,18/3.70.vti
18,3.75,18/3.75.vti
18,3.80,18/3.80.vti
18,3.85,18/3.85.vti
18,3.90,18/3.90.vti
18,3.95,18/3.95.vti
18,4.00,18/4.00.vti
18,4.05,18/4.05.vti
18,4.10,18/4.10.vti
18,4.15,18/4.15.vti
18,4.20,18/4.20.vti
18,4.25,18/4.25.vti
18,4.30,18/4.30.vti
18,4.35,18/4.35.vti
18,4.40,18/4.40.vti
18,4.45,18/4.45.vti
18,4.50,18/4.50.vti
18,4.55,18/4.55.vti
18,4.60,18/4.60.vti
18,4.65,18/4.65.vti
18,4.70,18/4.70.vti
18,4.75,18/4.75.vti
18,4.80,18/4.80.vti
18,4.85,18/4.85.vti
18,4.90,18/4.90.vti
18,4.95,18/4.95.vti
19,0.00,19/0.00.vti
19,0.05,19/0.05.vti
19,0.10,19/0.10.vti
19,0.15,19/0.15.vti
19,0.20,19/0.20.vti
19,0.25,19/0.25.vti
19,0.30,19/0.30.vti
19,0.35,19/0.35.vti
19,0.40,19/0.40.vti
19,0.45,19/0.45.vti
19,0.50,19/0.50.vti
19,0.55,19/0.55.vti
19,0.60,19/0.60.vti
19,0.65,19/0.65.vti
19,0.70,19/0.70.vti
19,0.75,19/0.75.vti
19,0.80,19/0.80.vti
19,0.85,19/0.85.vti
19,0.90,19/0.90.vti
19,0.95,19/0.95.vti
19,1.00,19/1.00.vti
19,1.05,19/1.05.vti
19,1.10,19/1.10.vti
19,1.15,19/1.15.vti
19,1.20,19/1.20.vti
19,1.25,19/1.25.vti
19,1.30,19/1.30.vti
19,1.35,19/1.35.vti
19,1.40,19/1.40.vti
19,1.45,19/1.45.vti
19,1.50,19/1.50.vti
19,1.55,19/1.55.vti
19,1.60,19/1.60.vti
19,1.65,19/1.65.vti
19,1.70,19/1.70.vti
19,1.75,19/1.75.vti
19,1.80,19/1.80.vti
19,1.85,19/1.85.vti
19,1.90,19/1.90.vti
19,1.95,19/1.95.vti
19,2.00,19/2.00.vti
19,2.05,19/2.05.vti
19,2.10,19/2.10.vti
19,2.15,19/2.15.vti
19,2.20,19/2.20.vti
19,2.25,19/2.25.vti
19,2.30,19/2.30.vti
19,2.35,19/2.35.vti
19,2.40,19/2.40.vti
19,2.45,19/2.45.vti
19,2.50,19/2.50.vti
19,2.55,19/2.55.vti
19,2.60,19/2.60.vti
19,2.65,19/2.65.vti
19,2.70,19/2.70.vti
19,2.75,19/2.75.vti
19,2.80,19/2.80.vti
19,2.85,19/2.85.vti
19,2.90,19/2.90.vti
19,2.95,19/2.95.vti
19,3.00,19/3.00.vti
19,3.05,19/3.05.vti
19,3.10,19/3.10.vti
19,3.15,19/3.15.vti
19,3.20,19/3.20.vti
19,3.25,19/3.25.vti
19,3.30,19/3.30.vti
19,3.35,19/3.35.vti
19,3.40,19/3.40.vti
19,3.45,19/3.45.vti
19,3.50,19/3.50.vti
19,3.55,19/3.55.vti
19,3.60,19/3.60.vti
19,3.65,19/3.65.vti
19,3.70,19/3.70.vti
19,3.75,19/3.75.vti
19,3.80,19/3.80.vti
19,3.85,19/3.85.vti
19,3.90,19/3.90.vti
19,3.95,19/3.95.vti
19,4.00,19/4.00.vti
19,4.05,19/4.05.vti
19,4.10,19/4.10.vti
19,4.15,19/4.15.vti
19,4.20,19/4.20.vti
19,4.25,19/4.25.vti
19,4.30,19/4.30.vti
19,4.35,19/4.35.vti
19,4.40,19/4.40.vti
19,4.45,19/4.45.vti
19,4.50,19/4.50.vti
19,4.55,19/4.55.vti
19,4.60,19/4.60.vti
19,4.65,19/4.65.vti
19,4.70,19/4.70.vti
19,4.75,19/4.75.vti
19,4.80,19/4.80.vti
19,4.85,19/4.85.vti
19,4.90,19/4.90.vti
19,4.95,19/4.95.vti
20,0.00,20/0.00.vti
20,0.05,20/0.05.vti
20,0.10,20/0.10.vti
20,0.15,20/0.15.vti
20,0.20,20/0.20.vti
20,0.25,20/0.25.vti
20,0.30,20/0.30.vti
20,0.35,20/0.35.vti
20,0.40,20/0.40.vti
20,0.45,20/0.45.vti
20,0.50,20/0.50.vti
20,0.55,20/0.55.vti
20,0.60,20/0.60.vti
20,0.65,20/0.65.vti
20,0.70,20/0.70.vti
20,0.75,20/0.75.vti
20,0.80,20/0.80.vti
20,0.85,20/0.85.vti
20,0.90,20/0.90.vti
20,0.95,20/0.95.vti
20,1.00,20/1.00.vti
20,1.05,20/1.05.vti
20,1.10,20/1.10.vti
20,1.15,20/1.15.vti
20,1.20,20/1.20.vti
20,1.25,20/1.25.vti
20,1.30,20/1.30.vti
20,1.35,20/1.35.vti
20,1.40,20/1.40.vti
20,1.45,20/1.45.vti
20,1.50,20/1.50.vti
20,1.55,20/1.55.vti
20,1.60,20/1.60.vti
20,1.65,20/1.65.vti
20,1.70,20/1.70.vti
20,1.75,20/1.75.vti
20,1.80,20/1.80.vti
20,1.85,20/1.85.vti
20,1.90,20/1.90.vti
20,1.95,20/1.95.vti
20,2.00,20/2.00.vti
20,2.05,20/2.05.vti
20,2.10,20/2.10.vti
20,2.15,20/2.15.vti
20,2.20,20/2.20.vti
20,2.25,20/2.25.vti
20,2.30,20/2.30.vti
20,2.35,20/2.35.vti
20,2.40,20/2.40.vti
20,2.45,20/2.45.vti
20,2.50,20/2.50.vti
20,2.55,20/2.55.vti
20,2.60,20/2.60.vti
20,2.65,20/2.65.vti
20,2.70,20/2.70.vti
20,2.75,20/2.75.vti
20,2.80,20/2.80.vti
20,2.85,20/2.85.vti
20,2.90,20/2.90.vti
20,2.95,20/2.95.vti
20,3.00,20/3.00.vti
20,3.05,20/3.05.vti
20,3.10,20/3.10.vti
20,3.15,20/3.15.vti
20,3.20,20/3.20.vti
20,3.25,20/3.25.vti
20,3.30,20/3.30.vti
20,3.35,20/3.35.vti
20,3.40,20/3.40.vti
20,3.45,20/3.45.vti
20,3.50,20/3.50.vti
20,3.55,20/3.55.vti
20,3.60,20/3.60.vti
20,3.65,20/3.65.vti
20,3.70,20/3.70.vti
20,3.75,20/3.75.vti
20,3.80,20/3.80.vti
20,3.85,20/3.85.vti
20,3.90,20/3.90.vti
20,3.95,20/3.95.vti
20,4.00,20/4.00.vti
20,4.05,20/4.05.vti
20,4.10,20/4.10.vti
20,4.15,20/4.15.vti
20,4.20,20/4.20.vti
20,4.25,20/4.25.vti
20,4.30,20/4.30.vti
20,4.35,20/4.35.vti
20,4.40,20/4.40.vti
20,4.45,20/4.45.vti
20,4.50,20/4.50.vti
20,4.55,20/4.55.vti
20,4.60,20/4.60.vti
20,4.65,20/4.65.vti
20,4.70,20/4.70.vti
20,4.75,20/4.75.vti
20,4.80,20/4.80.vti
20,4.85,20/4.85.vti
20,4.90,20/4.90.vti
20,4.95,20/4.95.vti
21,0.00,21/0.00.vti
21,0.05,21/0.05.vti
21,0.10,21/0.10.vti
21,0.15,21/0.15.vti
21,0.20,21/0.20.vti
21,0.25,21/0.25.vti
21,0.30,21/0.30.vti
21,0.35,21/0.35.vti
21,0.40,21/0.40.vti
21,0.45,21/0.45.vti
21,0.50,21/0.50.vti
21,0.55,21/0.55.vti
21,0.60,21/0.60.vti
21,0.65,21/0.65.vti
21,0.70,21/0.70.vti
21,0.75,21/0.75.vti
21,0.80,21/0.80.vti
21,0.85,21/0.85.vti
21,0.90,21/0.90.vti
21,0.95,21/0.95.vti
21,1.00,21/1.00.vti
21,1.05,21/1.05.vti
21,1.10,21/1.10.vti
21,1.15,21/1.15.vti
21,1.20,21/1.20.vti
21,1.25,21/1.25.vti
21,1.30,21/1.30.vti
21,1.35,21/1.35.vti
21,1.40,21/1.40.vti
21,1.45,21/1.45.vti
21,1.50,21/1.50.vti
21,1.55,21/1.55.vti
21,1.60,21/1.60.vti
21,1.65,21/1.65.vti
21,1.70,21/1.70.vti
21,1.75,21/1.75.vti
21,1.80,21/1.80.vti
21,1.85,21/1.85.vti
21,1.90,21/1.90.vti
21,1.95,21/1.95.vti
21,2.00,21/2.00.vti
21,2.05,21/2.05.vti
21,2.10,21/2.10.vti
21,2.15,21/2.15.vti
21,2.20,21/2.20.vti
21,2.25,21/2.25.vti
21,2.30,21/2.30.vti
21,2.35,21/2.35.vti
21,2.40,21/2.40.vti
21,2.45,21/2.45.vti
21,2.50,21/2.50.vti
21,2.55,21/2.55.vti
21,2.60,21/2.60.vti
21,2.65,21/2.65.vti
21,2.70,21/2.70.vti
21,2.75,21/2.75.vti
21,2.80,21/2.80.vti
21,2.85,21/2.85.vti
21,2.90,21/2.90.vti
21,2.95,21/2.95.vti
21,3.00,21/3.00.vti
21,3.05,21/3.05.vti
21,3.10,21/3.10.vti
21,3.15,21/3.15.vti
21,3.20,21/3.20.vti
21,3.25,21/3.25.vti
21,3.30,21/3.30.vti
21,3.35,21/3.35.vti
21,3.40,21/3.40.vti
21,3.45,21/3.45.vti
21,3.50,21/3.50.vti
21,3.55,21/3.55.vti
21,3.60,21/3.60.vti
21,3.65,21/3.65.vti
21,3.70,21/3.70.vti
21,3.75,21/3.75.vti
21,3.80,21/3.80.vti
21,3.85,21/3.85.vti
21,3.90,21/3.90.vti
21,3.95,21/3.95.vti
21,4.00,21/4.00.vti
21,4.05,21/4.05.vti
21,4.10,21/4.10.vti
21,4.15,21/4.15.vti
21,4.20,21/4.20.vti
21,4.25,21/4.25.vti
21,4.30,21/4.30.vti
21,4.35,21/4.35.vti
21,4.40,21/4.40.vti
21,4.45,21/4.45.vti
21,4.50,21/4.50.vti
21,4.55,21/4.55.vti
21,4.60,21/4.60.vti
21,4.65,21/4.65.vti
21,4.70,21/4.70.vti
21,4.75,21/4.75.vti
21,4.80,21/4.80.vti
21,4.85,21/4.85.vti
21,4.90,21/4.90.vti
21,4.95,21/4.95.vti
22,0.00,22/0.00.vti
22,0.05,22/0.05.vti
22,0.10,22/0.10.vti
22,0.15,22/0.15.vti
22,0.20,22/0.20.vti
22,0.25,22/0.25.vti
22,0.30,22/0.30.vti
22,0.35,22/0.35.vti
22,0.40,22/0.40.vti
22,0.45,22/0.45.vti
22,0.50,22/0.50.vti
22,0.55,22/0.55.vti
22,0.60,22/0.60.vti
22,0.65,22/0.65.vti
22,0.70,22/0.70.vti
22,0.75,22/0.75.vti
22,0.80,22/0.80.vti
22,0.85,22/0.85.vti
22,0.90,22/0.90.vti
22,0.95,22/0.95.vti
22,1.00,22/1.00.vti
22,1.05,22/1.05.vti
22,1.10,22/1.10.vti
22,1.15,22/1.15.vti
22,1.20,22/1.20.vti
22,1.25,22/1.25.vti
22,1.30,22/1.30.vti
22,1.35,22/1.35.vti
22,1.40,22/1.40.vti
22,1.45,22/1.45.vti
22,1.50,22/1.50.vti
22,1.55,22/1.55.vti
22,1.60,22/1.60.vti
22,1.65,22/1.65.vti
22,1.70,22/1.70.vti
22,1.75,22/1.75.vti
22,1.80,22/1.80.vti
22,1.85,22/1.85.vti
22,1.90,22/1.90.vti
22,1.95,22/1.95.vti
22,2.00,22/2.00.vti
22,2.05,22/2.05.vti
22,2.10,22/2.10.vti
22,2.15,22/2.15.vti
22,2.20,22/2.20.vti
22,2.25,22/2.25.vti
22,2.30,22/2.30.vti
22,2.35,22/2.35.vti
22,2.40,22/2.40.vti
22,2.45,22/2.45.vti
22,2.50,22/2.50.vti
22,2.55,22/2.55.vti
22,2.60,22/2.60.vti
22,2.65,22/2.65.vti
22,2.70,22/2.70.vti
22,2.75,22/2.75.vti
22,2.80,22/2.80.vti
22,2.85,22/2.85.vti
22,2.90,22/2.90.vti
22,2.95,22/2.95.vti
22,3.00,22/3.00.vti
22,3.05,22/3.05.vti
22,3.10,22/3.10.vti
22,3.15,22/3.15.vti
22,3.20,22/3.20.vti
22,3.25,22/3.25.vti
22,3.30,22/3.30.vti
22,3.35,22/3.35.vti
22,3.40,22/3.40.vti
22,3.45,22/3.45.vti
22,3.50,22/3.50.vti
22,3.55,22/3.55.vti
22,3.60,22/3.60.vti
22,3.65,22/3.65.vti
22,3.70,22/3.70.vti
22,3.75,22/3.75.vti
22,3.80,22/3.80.vti
22,3.85,22/3.85.vti
22,3.90,22/3.90.vti
22,3.95,22/3.95.vti
22,4.00,22/4.00.vti
22,4.05,22/4.05.vti
22,4.10,22/4.10.vti
22,4.15,22/4.15.vti
22,4.20,22/4.20.vti
22,4.25,22/4.25.vti
22,4.30,22/4.30.vti
22,4.35,22/4.35.vti
22,4.40,22/4.40.vti
22,4.45,22/4.45.vti
22,4.50,22/4.50.vti
22,4.55,22/4.55.vti
22,4.60,22/4.60.vti
22,4.65,22/4.65.vti
22,4.70,22/4.70.vti
22,4.75,22/4.75.vti
22,4.80,22/4.80.vti
22,4.85,22/4.85.vti
22,4.90,22/4.90.vti
22,4.95,22/4.95.vti
23,0.00,23/0.00.vti
23,0.05,23/0.05.vti
23,0.10,23/0.10.vti
23,0.15,23/0.15.vti
23,0.20,23/0.20.vti
23,0.25,23/0.25.vti
23,0.30,23/0.30.vti
23,0.35,23/0.35.vti
23,0.40,23/0.40.vti
23,0.45,23/0.45.vti
23,0.50,23/0.50.vti
23,0.55,23/0.55.vti
23,0.60,23/0.60.vti
23,0.65,23/0.65.vti
23,0.70,23/0.70.vti
23,0.75,23/0.75.vti
23,0.80,23/0.80.vti
23,0.85,23/0.85.vti
23,0.90,23/0.90.vti
23,0.95,23/0.95.vti
23,1.00,23/1.00.vti
23,1.05,23/1.05.vti
23,1.10,23/1.10.vti
23,1.15,23/1.15.vti
23,1.20,23/1.20.vti
23,1.25,23/1.25.vti
23,1.30,23/1.30.vti
23,1.35,23/1.35.vti
23,1.40,23/1.40.vti
23,1.45,23/1.45.vti
23,1.50,23/1.50.vti
23,1.55,23/1.55.vti
23,1.60,23/1.60.vti
23,1.65,23/1.65.vti
23,1.70,23/1.70.vti
23,1.75,23/1.75.vti
23,1.80,23/1.80.vti
23,1.85,23/1.85.vti
23,1.90,23/1.90.vti
23,1.95,23/1.95.vti
23,2.00,23/2.00.vti
23,2.05,23/2.05.vti
23,2.10,23/2.10.vti
23,2.15,23/2.15.vti
23,2.20,23/2.20.vti
23,2.25,23/2.25.vti
23,2.30,23/2.30.vti
23,2.35,23/2.35.vti
23,2.40,23/2.40.vti
23,2.45,23/2.45.vti
23,2.50,23/2.50.vti
23,2.55,23/2.55.vti
23,2.60,23/2.60.vti
23,2.65,23/2.65.vti
23,2.70,23/2.70.vti
23,2.75,23/2.75.vti
23,2.80,23/2.80.vti
23,2.85,23/2.85.vti
23,2.90,23/2.90.vti
23,2.95,23/2.95.vti
23,3.00,23/3.00.vti
23,3.05,23/3.05.vti
23,3.10,23/3.10.vti
23,3.15,23/3.15.vti
23,3.20,23/3.20.vti
23,3.25,23/3.25.vti
23,3.30,23/3.30.vti
23,3.35,23/3.35.vti
23,3.40,23/3.40.vti
23,3.45,23/3.45.vti
23,3.50,23/3.50.vti
23,3.55,23/3.55.vti
23,3.60,23/3.60.vti
23,3.65,23/3.65.vti
23,3.70,23/3.70.vti
23,3.75,23/3.75.vti
23,3.80,23/3.80.vti
23,3.85,23/3.85.vti
23,3.90,23/3.90.vti
23,3.95,23/3.95.vti
23,4.00,23/4.00.vti
23,4.05,23/4.05.vti
23,4.10,23/4.10.vti
23,4.15,23/4.15.vti
23,4.20,23/4.20.vti
23,4.25,23/4.25.vti
23,4.30,23/4.30.vti
23,4.35,23/4.35.vti
23,4.40,23/4.40.vti
23,4.45,23/4.45.vti
23,4.50,23/4.50.vti
23,4.55,23/4.55.vti
23,4.60,23/4.60.vti
23,4.65,23/4.65.vti
23,4.70,23/4.70.vti
23,4.75,23/4.75.vti
23,4.80,23/4.80.vti
23,4.85,23/4.85.vti
23,4.90,23/4.90.vti
23,4.95,23/4.95.vti
